epoch,train_acc,train_loss,valid_acc,valid_loss
1,0.6335140019753437,6.975744544277937,0.9837068274492036,3.4108237354031297
2,0.9910493406496976,1.578010081898509,0.9946110549611404,0.2452896081429156
3,0.9957384480669451,0.2120521695508433,0.9943845188721988,0.07440525802924365
4,0.9968680160492006,0.07063993698016678,0.9941841215627505,0.05441564532915511
