epoch,train_acc,train_loss,valid_acc,valid_loss
1,0.402007643721189,2.6110596499374816,0.49716829888823055,0.05812401717146046
2,0.4976503118914569,0.04396948426444387,0.4970985954762486,0.033367154094357344
