epoch,train_acc,train_loss,valid_acc,valid_loss
1,0.41547657500051344,2.1707272329433946,0.4973758420805264,0.04493191832146221
2,0.49775206636258573,0.03761370885512005,0.4970723014256619,0.03678237194987889
3,0.4987901486735511,0.01720583527949965,0.49713105122982926,0.036858959583420524
4,0.4993175915743564,0.00953880200333721,0.4970233432555225,0.037296191723107906
5,0.49949962938967857,0.007180492429013608,0.4971457386808711,0.037787761936157994
6,0.4996032509153235,0.005831349166269277,0.4971457386808711,0.03982931148127834
7,0.4997218088770974,0.004966577127721684,0.49704292652357823,0.04212270923945395
