epoch,train_acc,train_loss,valid_acc,valid_loss
1,0.6335140019753437,6.975744544277937,0.9837068274492037,3.4108237354031297
2,0.9910493406496976,1.578010081898509,0.9946110549611403,0.2452896081429156
